{"cameraMode":{"drawMode":0,"name":"Shaded","section":"Shading Mode"},"sceneLighting":false,"audioPlay":false,"sceneViewState":{"showFog":true,"showMaterialUpdate":false,"showSkybox":true,"showFlares":true,"showImageEffects":true,"showParticleSystems":true},"in2DMode":false,"pivot":{"x":-28.845108032226564,"y":2.771399974822998,"z":-15.643206596374512},"rotation":{"x":0.18841584026813508,"y":0.7074218392372131,"z":-0.2051924765110016,"w":0.6495819687843323},"size":5.299431324005127,"orthographic":false}