{"cameraMode":{"drawMode":0,"name":"Shaded","section":"Shading Mode"},"sceneLighting":false,"audioPlay":false,"sceneViewState":{"showFog":true,"showMaterialUpdate":false,"showSkybox":true,"showFlares":true,"showImageEffects":true,"showParticleSystems":true},"in2DMode":false,"pivot":{"x":201.1729278564453,"y":0.3786110281944275,"z":200.2327117919922},"rotation":{"x":-0.13543011248111726,"y":-0.8536824584007263,"z":0.27421513199806216,"w":-0.42158037424087527},"size":8.800524711608887,"orthographic":false}