{"cameraMode":{"drawMode":0,"name":"Shaded","section":"Shading Mode"},"sceneLighting":true,"audioPlay":false,"sceneViewState":{"showFog":true,"showMaterialUpdate":false,"showSkybox":true,"showFlares":true,"showImageEffects":true,"showParticleSystems":true},"in2DMode":false,"pivot":{"x":115.30284881591797,"y":-16.21942138671875,"z":-21.15128517150879},"rotation":{"x":-0.07453987002372742,"y":-0.7565620541572571,"z":0.08831271529197693,"w":-0.6438000798225403},"size":165.29159545898438,"orthographic":false}