{"cameraMode":{"drawMode":0,"name":"Shaded","section":"Shading Mode"},"sceneLighting":false,"audioPlay":false,"sceneViewState":{"showFog":true,"showMaterialUpdate":false,"showSkybox":true,"showFlares":true,"showImageEffects":true,"showParticleSystems":true},"in2DMode":false,"pivot":{"x":-29.53362274169922,"y":3.1114258766174318,"z":-14.016653060913086},"rotation":{"x":-0.27798062562942507,"y":-0.6665869355201721,"z":0.2968888282775879,"w":-0.624855101108551},"size":5.299430847167969,"orthographic":false}