{"cameraMode":{"drawMode":0,"name":"Shaded","section":"Shading Mode"},"sceneLighting":false,"audioPlay":false,"sceneViewState":{"showFog":true,"showMaterialUpdate":false,"showSkybox":true,"showFlares":true,"showImageEffects":true,"showParticleSystems":true},"in2DMode":false,"pivot":{"x":-4.106585502624512,"y":1.8363127708435059,"z":-7.7816572189331059},"rotation":{"x":-0.015179429203271866,"y":0.9668986201286316,"z":-0.24772366881370545,"w":-0.05924717336893082},"size":10.4031982421875,"orthographic":false}