{"cameraMode":{"drawMode":0,"name":"Shaded","section":"Shading Mode"},"sceneLighting":false,"audioPlay":false,"sceneViewState":{"showFog":true,"showMaterialUpdate":false,"showSkybox":true,"showFlares":true,"showImageEffects":true,"showParticleSystems":true},"in2DMode":false,"pivot":{"x":-29.53362274169922,"y":3.1114258766174318,"z":-14.016653060913086},"rotation":{"x":-0.17033465206623078,"y":-0.6824123859405518,"z":0.16831053793430329,"w":-0.6906450986862183},"size":5.299430847167969,"orthographic":false}