{"cameraMode":{"drawMode":0,"name":"Shaded","section":"Shading Mode"},"sceneLighting":false,"audioPlay":false,"sceneViewState":{"showFog":true,"showMaterialUpdate":false,"showSkybox":true,"showFlares":true,"showImageEffects":true,"showParticleSystems":true},"in2DMode":false,"pivot":{"x":2.3905932903289797,"y":14.289674758911133,"z":-24.828998565673829},"rotation":{"x":0.2452881932258606,"y":-0.0011598204728215933,"z":0.00026860885554924607,"w":0.969484806060791},"size":7.000357151031494,"orthographic":false}